Parque distribuido por tipo de vehículo, carburante y provincia.
Comunidad Autónoma/Provincia residencia: Andalucía/Almería, Andalucía/Cádiz, Andalucía/Córdoba, Andalucía/Granada, Andalucía/Huelva, Andalucía/Jaén, Andalucía/Málaga, Andalucía/Sevilla, Aragón/Huesca, Aragón/Teruel, Aragón/Zaragoza, Asturias (Principado de)/Asturias, Balears (Illes)/Balears (Illes), Canarias/Palmas (Las), Canarias/Santa Cruz de Tenerife, Cantabria/Cantabria, Castilla y León/Ávila, Castilla y León/Burgos, Castilla y León/León, Castilla y León/Palencia, Castilla y León/Salamanca, Castilla y León/Segovia, Castilla y León/Soria, Castilla y León/Valladolid, Castilla y León/Zamora, Castilla-La Mancha/Albacete, Castilla-La Mancha/Ciudad Real, Castilla-La Mancha/Cuenca, Castilla-La Mancha/Guadalajara, Castilla-La Mancha/Toledo, Cataluña/Barcelona, Cataluña/Girona, Cataluña/Lleida, Cataluña/Tarragona, Ceuta/Ceuta, Comunitat Valenciana/Alicante/Alacant, Comunitat Valenciana/Castellón/Castelló, Comunitat Valenciana/Valencia/València, Desconocida/Desconocido, Extranjero/Extranjero, Extremadura/Badajoz, Extremadura/Cáceres, Galicia/Coruña (A), Galicia/Lugo, Galicia/Ourense, Galicia/Pontevedra, Madrid (Comunidad de)/Madrid, Melilla/Melilla, Murcia (Región de)/Murcia, Navarra (Comunidad Foral de)/Navarra, País Vasco/Araba/Álava, País Vasco/Gipuzkoa, País Vasco/Bizkaia, Rioja (La)/Rioja (La)
Tipo de Vehículo: CAMIONES HASTA 3500kg, CAMIONES MÁS DE 3500kg
Carburante: 

Comunidad Autónoma/Provincia residencia;Tipo de Vehículo;Carburante;Total
TOTAL;TOTAL;TOTAL;2516652
TOTAL;CAMIONES HASTA 3500kg;TOTAL;2170984
TOTAL;CAMIONES MÁS DE 3500kg;TOTAL;345668
Andalucía/Almería;CAMIONES HASTA 3500kg;TOTAL;47948
Andalucía/Almería;CAMIONES HASTA 3500kg;Diesel;47296
Andalucía/Almería;CAMIONES HASTA 3500kg;Eléctrico;9
Andalucía/Almería;CAMIONES HASTA 3500kg;Gas Licuado de Petroleo;10
Andalucía/Almería;CAMIONES HASTA 3500kg;Gasolina;633
Andalucía/Almería;CAMIONES MÁS DE 3500kg;TOTAL;8982
Andalucía/Almería;CAMIONES MÁS DE 3500kg;Diesel;8911
Andalucía/Almería;CAMIONES MÁS DE 3500kg;Gas Licuado de Petroleo;3
Andalucía/Almería;CAMIONES MÁS DE 3500kg;Gas Natural Comprimido;1
Andalucía/Almería;CAMIONES MÁS DE 3500kg;Gasolina;67
Andalucía/Cádiz;CAMIONES HASTA 3500kg;TOTAL;47944
Andalucía/Cádiz;CAMIONES HASTA 3500kg;Diesel;46951
Andalucía/Cádiz;CAMIONES HASTA 3500kg;Eléctrico;14
Andalucía/Cádiz;CAMIONES HASTA 3500kg;Gas Licuado de Petroleo;13
Andalucía/Cádiz;CAMIONES HASTA 3500kg;Gas Natural Comprimido;1
Andalucía/Cádiz;CAMIONES HASTA 3500kg;Gasolina;963
Andalucía/Cádiz;CAMIONES HASTA 3500kg;Sin especificar;2
Andalucía/Cádiz;CAMIONES MÁS DE 3500kg;TOTAL;5651
Andalucía/Cádiz;CAMIONES MÁS DE 3500kg;Diesel;5611
Andalucía/Cádiz;CAMIONES MÁS DE 3500kg;Eléctrico;1
Andalucía/Cádiz;CAMIONES MÁS DE 3500kg;Gas Licuado de Petroleo;2
Andalucía/Cádiz;CAMIONES MÁS DE 3500kg;Gasolina;36
Andalucía/Cádiz;CAMIONES MÁS DE 3500kg;Otros;1
Andalucía/Córdoba;CAMIONES HASTA 3500kg;TOTAL;34464
Andalucía/Córdoba;CAMIONES HASTA 3500kg;Diesel;33908
Andalucía/Córdoba;CAMIONES HASTA 3500kg;Eléctrico;38
Andalucía/Córdoba;CAMIONES HASTA 3500kg;Gas Licuado de Petroleo;9
Andalucía/Córdoba;CAMIONES HASTA 3500kg;Gasolina;509
Andalucía/Córdoba;CAMIONES MÁS DE 3500kg;TOTAL;6483
Andalucía/Córdoba;CAMIONES MÁS DE 3500kg;Diesel;6424
Andalucía/Córdoba;CAMIONES MÁS DE 3500kg;Gas Natural Comprimido;5
Andalucía/Córdoba;CAMIONES MÁS DE 3500kg;Gasolina;54
Andalucía/Granada;CAMIONES HASTA 3500kg;TOTAL;46808
Andalucía/Granada;CAMIONES HASTA 3500kg;Biometano;1
Andalucía/Granada;CAMIONES HASTA 3500kg;Diesel;45876
Andalucía/Granada;CAMIONES HASTA 3500kg;Eléctrico;7
Andalucía/Granada;CAMIONES HASTA 3500kg;Gas Licuado de Petroleo;16
Andalucía/Granada;CAMIONES HASTA 3500kg;Gas Natural Comprimido;1
Andalucía/Granada;CAMIONES HASTA 3500kg;Gasolina;907
Andalucía/Granada;CAMIONES MÁS DE 3500kg;TOTAL;6782
Andalucía/Granada;CAMIONES MÁS DE 3500kg;Diesel;6711
Andalucía/Granada;CAMIONES MÁS DE 3500kg;Gas Licuado de Petroleo;2
Andalucía/Granada;CAMIONES MÁS DE 3500kg;Gas Natural Comprimido;3
Andalucía/Granada;CAMIONES MÁS DE 3500kg;Gasolina;66
Andalucía/Huelva;CAMIONES HASTA 3500kg;TOTAL;27622
Andalucía/Huelva;CAMIONES HASTA 3500kg;Diesel;26997
Andalucía/Huelva;CAMIONES HASTA 3500kg;Eléctrico;3
Andalucía/Huelva;CAMIONES HASTA 3500kg;Gas Licuado de Petroleo;5
Andalucía/Huelva;CAMIONES HASTA 3500kg;Gas Natural Comprimido;1
Andalucía/Huelva;CAMIONES HASTA 3500kg;Gasolina;615
Andalucía/Huelva;CAMIONES HASTA 3500kg;Otros;1
Andalucía/Huelva;CAMIONES MÁS DE 3500kg;TOTAL;3610
Andalucía/Huelva;CAMIONES MÁS DE 3500kg;Biometano;1
Andalucía/Huelva;CAMIONES MÁS DE 3500kg;Diesel;3587
Andalucía/Huelva;CAMIONES MÁS DE 3500kg;Gasolina;22
Andalucía/Jaén;CAMIONES HASTA 3500kg;TOTAL;38347
Andalucía/Jaén;CAMIONES HASTA 3500kg;Diesel;37674
Andalucía/Jaén;CAMIONES HASTA 3500kg;Eléctrico;29
Andalucía/Jaén;CAMIONES HASTA 3500kg;Gas Licuado de Petroleo;15
Andalucía/Jaén;CAMIONES HASTA 3500kg;Gas Natural Comprimido;1
Andalucía/Jaén;CAMIONES HASTA 3500kg;Gasolina;627
Andalucía/Jaén;CAMIONES HASTA 3500kg;Sin especificar;1
Andalucía/Jaén;CAMIONES MÁS DE 3500kg;TOTAL;5254
Andalucía/Jaén;CAMIONES MÁS DE 3500kg;Diesel;5215
Andalucía/Jaén;CAMIONES MÁS DE 3500kg;Eléctrico;1
Andalucía/Jaén;CAMIONES MÁS DE 3500kg;Gas Licuado de Petroleo;1
Andalucía/Jaén;CAMIONES MÁS DE 3500kg;Gas Natural Comprimido;1
Andalucía/Jaén;CAMIONES MÁS DE 3500kg;Gasolina;35
Andalucía/Jaén;CAMIONES MÁS DE 3500kg;Sin especificar;1
Andalucía/Málaga;CAMIONES HASTA 3500kg;TOTAL;73581
Andalucía/Málaga;CAMIONES HASTA 3500kg;Diesel;71614
Andalucía/Málaga;CAMIONES HASTA 3500kg;Eléctrico;37
Andalucía/Málaga;CAMIONES HASTA 3500kg;Gas Licuado de Petroleo;24
Andalucía/Málaga;CAMIONES HASTA 3500kg;Gas Natural Comprimido;23
Andalucía/Málaga;CAMIONES HASTA 3500kg;Gasolina;1883
Andalucía/Málaga;CAMIONES MÁS DE 3500kg;TOTAL;10212
Andalucía/Málaga;CAMIONES MÁS DE 3500kg;Diesel;10053
Andalucía/Málaga;CAMIONES MÁS DE 3500kg;Eléctrico;5
Andalucía/Málaga;CAMIONES MÁS DE 3500kg;Gas Licuado de Petroleo;1
Andalucía/Málaga;CAMIONES MÁS DE 3500kg;Gas Natural Comprimido;14
Andalucía/Málaga;CAMIONES MÁS DE 3500kg;Gas Natural Licuado;1
Andalucía/Málaga;CAMIONES MÁS DE 3500kg;Gasolina;138
Andalucía/Sevilla;CAMIONES HASTA 3500kg;TOTAL;78882
Andalucía/Sevilla;CAMIONES HASTA 3500kg;Diesel;77432
Andalucía/Sevilla;CAMIONES HASTA 3500kg;Eléctrico;81
Andalucía/Sevilla;CAMIONES HASTA 3500kg;Gas Licuado de Petroleo;8
Andalucía/Sevilla;CAMIONES HASTA 3500kg;Gas Natural Comprimido;10
Andalucía/Sevilla;CAMIONES HASTA 3500kg;Gasolina;1348
Andalucía/Sevilla;CAMIONES HASTA 3500kg;Otros;1
Andalucía/Sevilla;CAMIONES HASTA 3500kg;Sin especificar;2
Andalucía/Sevilla;CAMIONES MÁS DE 3500kg;TOTAL;11904
Andalucía/Sevilla;CAMIONES MÁS DE 3500kg;Diesel;11797
Andalucía/Sevilla;CAMIONES MÁS DE 3500kg;Eléctrico;3
Andalucía/Sevilla;CAMIONES MÁS DE 3500kg;Gas Licuado de Petroleo;7
Andalucía/Sevilla;CAMIONES MÁS DE 3500kg;Gas Natural Comprimido;9
Andalucía/Sevilla;CAMIONES MÁS DE 3500kg;Gasolina;88
Aragón/Huesca;CAMIONES HASTA 3500kg;TOTAL;17139
Aragón/Huesca;CAMIONES HASTA 3500kg;Diesel;16628
Aragón/Huesca;CAMIONES HASTA 3500kg;Eléctrico;5
Aragón/Huesca;CAMIONES HASTA 3500kg;Gas Licuado de Petroleo;4
Aragón/Huesca;CAMIONES HASTA 3500kg;Gasolina;502
Aragón/Huesca;CAMIONES MÁS DE 3500kg;TOTAL;2380
Aragón/Huesca;CAMIONES MÁS DE 3500kg;Diesel;2357
Aragón/Huesca;CAMIONES MÁS DE 3500kg;Eléctrico;1
Aragón/Huesca;CAMIONES MÁS DE 3500kg;Gas Licuado de Petroleo;1
Aragón/Huesca;CAMIONES MÁS DE 3500kg;Gasolina;21
Aragón/Teruel;CAMIONES HASTA 3500kg;TOTAL;10627
Aragón/Teruel;CAMIONES HASTA 3500kg;Diesel;10352
Aragón/Teruel;CAMIONES HASTA 3500kg;Eléctrico;2
Aragón/Teruel;CAMIONES HASTA 3500kg;Gas Licuado de Petroleo;3
Aragón/Teruel;CAMIONES HASTA 3500kg;Gas Natural Comprimido;5
Aragón/Teruel;CAMIONES HASTA 3500kg;Gasolina;265
Aragón/Teruel;CAMIONES MÁS DE 3500kg;TOTAL;1649
Aragón/Teruel;CAMIONES MÁS DE 3500kg;Diesel;1642
Aragón/Teruel;CAMIONES MÁS DE 3500kg;Gasolina;7
Aragón/Zaragoza;CAMIONES HASTA 3500kg;TOTAL;33279
Aragón/Zaragoza;CAMIONES HASTA 3500kg;Diesel;32433
Aragón/Zaragoza;CAMIONES HASTA 3500kg;Eléctrico;40
Aragón/Zaragoza;CAMIONES HASTA 3500kg;Gas Licuado de Petroleo;26
Aragón/Zaragoza;CAMIONES HASTA 3500kg;Gas Natural Comprimido;4
Aragón/Zaragoza;CAMIONES HASTA 3500kg;Gasolina;776
Aragón/Zaragoza;CAMIONES MÁS DE 3500kg;TOTAL;6155
Aragón/Zaragoza;CAMIONES MÁS DE 3500kg;Diesel;6117
Aragón/Zaragoza;CAMIONES MÁS DE 3500kg;Eléctrico;2
Aragón/Zaragoza;CAMIONES MÁS DE 3500kg;Gas Licuado de Petroleo;2
Aragón/Zaragoza;CAMIONES MÁS DE 3500kg;Gas Natural Comprimido;3
Aragón/Zaragoza;CAMIONES MÁS DE 3500kg;Gas Natural Licuado;3
Aragón/Zaragoza;CAMIONES MÁS DE 3500kg;Gasolina;28
Asturias (Principado de)/Asturias;CAMIONES HASTA 3500kg;TOTAL;32004
Asturias (Principado de)/Asturias;CAMIONES HASTA 3500kg;Diesel;31133
Asturias (Principado de)/Asturias;CAMIONES HASTA 3500kg;Eléctrico;33
Asturias (Principado de)/Asturias;CAMIONES HASTA 3500kg;Gas Licuado de Petroleo;12
Asturias (Principado de)/Asturias;CAMIONES HASTA 3500kg;Gas Natural Comprimido;89
Asturias (Principado de)/Asturias;CAMIONES HASTA 3500kg;Gasolina;736
Asturias (Principado de)/Asturias;CAMIONES HASTA 3500kg;Otros;1
Asturias (Principado de)/Asturias;CAMIONES MÁS DE 3500kg;TOTAL;7604
Asturias (Principado de)/Asturias;CAMIONES MÁS DE 3500kg;Diesel;7397
Asturias (Principado de)/Asturias;CAMIONES MÁS DE 3500kg;Gas Licuado de Petroleo;1
Asturias (Principado de)/Asturias;CAMIONES MÁS DE 3500kg;Gas Natural Comprimido;52
Asturias (Principado de)/Asturias;CAMIONES MÁS DE 3500kg;Gas Natural Licuado;80
Asturias (Principado de)/Asturias;CAMIONES MÁS DE 3500kg;Gasolina;74
Balears (Illes)/Balears (Illes);CAMIONES HASTA 3500kg;TOTAL;77102
Balears (Illes)/Balears (Illes);CAMIONES HASTA 3500kg;Butano;2
Balears (Illes)/Balears (Illes);CAMIONES HASTA 3500kg;Diesel;70971
Balears (Illes)/Balears (Illes);CAMIONES HASTA 3500kg;Eléctrico;84
Balears (Illes)/Balears (Illes);CAMIONES HASTA 3500kg;Gas Licuado de Petroleo;72
Balears (Illes)/Balears (Illes);CAMIONES HASTA 3500kg;Gas Natural Comprimido;30
Balears (Illes)/Balears (Illes);CAMIONES HASTA 3500kg;Gas Natural Licuado;3
Balears (Illes)/Balears (Illes);CAMIONES HASTA 3500kg;Gasolina;5940
Balears (Illes)/Balears (Illes);CAMIONES MÁS DE 3500kg;TOTAL;8627
Balears (Illes)/Balears (Illes);CAMIONES MÁS DE 3500kg;Butano;1
Balears (Illes)/Balears (Illes);CAMIONES MÁS DE 3500kg;Diesel;8311
Balears (Illes)/Balears (Illes);CAMIONES MÁS DE 3500kg;Eléctrico;6
Balears (Illes)/Balears (Illes);CAMIONES MÁS DE 3500kg;Gas Licuado de Petroleo;1
Balears (Illes)/Balears (Illes);CAMIONES MÁS DE 3500kg;Gas Natural Comprimido;69
Balears (Illes)/Balears (Illes);CAMIONES MÁS DE 3500kg;Gasolina;237
Balears (Illes)/Balears (Illes);CAMIONES MÁS DE 3500kg;Otros;1
Balears (Illes)/Balears (Illes);CAMIONES MÁS DE 3500kg;Sin especificar;1
Canarias/Palmas (Las);CAMIONES HASTA 3500kg;TOTAL;107140
Canarias/Palmas (Las);CAMIONES HASTA 3500kg;Diesel;94449
Canarias/Palmas (Las);CAMIONES HASTA 3500kg;Eléctrico;93
Canarias/Palmas (Las);CAMIONES HASTA 3500kg;Gas Licuado de Petroleo;5
Canarias/Palmas (Las);CAMIONES HASTA 3500kg;Gasolina;12593
Canarias/Palmas (Las);CAMIONES MÁS DE 3500kg;TOTAL;9738
Canarias/Palmas (Las);CAMIONES MÁS DE 3500kg;Diesel;9631
Canarias/Palmas (Las);CAMIONES MÁS DE 3500kg;Gas Licuado de Petroleo;3
Canarias/Palmas (Las);CAMIONES MÁS DE 3500kg;Gasolina;104
Canarias/Santa Cruz de Tenerife;CAMIONES HASTA 3500kg;TOTAL;103962
Canarias/Santa Cruz de Tenerife;CAMIONES HASTA 3500kg;Diesel;91305
Canarias/Santa Cruz de Tenerife;CAMIONES HASTA 3500kg;Eléctrico;19
Canarias/Santa Cruz de Tenerife;CAMIONES HASTA 3500kg;Gas Licuado de Petroleo;35
Canarias/Santa Cruz de Tenerife;CAMIONES HASTA 3500kg;Gas Natural Comprimido;2
Canarias/Santa Cruz de Tenerife;CAMIONES HASTA 3500kg;Gas Natural Licuado;1
Canarias/Santa Cruz de Tenerife;CAMIONES HASTA 3500kg;Gasolina;12599
Canarias/Santa Cruz de Tenerife;CAMIONES HASTA 3500kg;Otros;1
Canarias/Santa Cruz de Tenerife;CAMIONES MÁS DE 3500kg;TOTAL;8691
Canarias/Santa Cruz de Tenerife;CAMIONES MÁS DE 3500kg;Diesel;8581
Canarias/Santa Cruz de Tenerife;CAMIONES MÁS DE 3500kg;Gas Licuado de Petroleo;8
Canarias/Santa Cruz de Tenerife;CAMIONES MÁS DE 3500kg;Gas Natural Comprimido;1
Canarias/Santa Cruz de Tenerife;CAMIONES MÁS DE 3500kg;Gasolina;100
Canarias/Santa Cruz de Tenerife;CAMIONES MÁS DE 3500kg;Sin especificar;1
Cantabria/Cantabria;CAMIONES HASTA 3500kg;TOTAL;25497
Cantabria/Cantabria;CAMIONES HASTA 3500kg;Diesel;25040
Cantabria/Cantabria;CAMIONES HASTA 3500kg;Eléctrico;16
Cantabria/Cantabria;CAMIONES HASTA 3500kg;Gas Licuado de Petroleo;27
Cantabria/Cantabria;CAMIONES HASTA 3500kg;Gas Natural Comprimido;2
Cantabria/Cantabria;CAMIONES HASTA 3500kg;Gasolina;412
Cantabria/Cantabria;CAMIONES MÁS DE 3500kg;TOTAL;4484
Cantabria/Cantabria;CAMIONES MÁS DE 3500kg;Diesel;4418
Cantabria/Cantabria;CAMIONES MÁS DE 3500kg;Gas Licuado de Petroleo;4
Cantabria/Cantabria;CAMIONES MÁS DE 3500kg;Gas Natural Comprimido;4
Cantabria/Cantabria;CAMIONES MÁS DE 3500kg;Gasolina;58
Castilla y León/Ávila;CAMIONES HASTA 3500kg;TOTAL;10501
Castilla y León/Ávila;CAMIONES HASTA 3500kg;Diesel;10235
Castilla y León/Ávila;CAMIONES HASTA 3500kg;Gas Licuado de Petroleo;10
Castilla y León/Ávila;CAMIONES HASTA 3500kg;Gasolina;255
Castilla y León/Ávila;CAMIONES HASTA 3500kg;Otros;1
Castilla y León/Ávila;CAMIONES MÁS DE 3500kg;TOTAL;1978
Castilla y León/Ávila;CAMIONES MÁS DE 3500kg;Diesel;1965
Castilla y León/Ávila;CAMIONES MÁS DE 3500kg;Gas Licuado de Petroleo;1
Castilla y León/Ávila;CAMIONES MÁS DE 3500kg;Gas Natural Comprimido;1
Castilla y León/Ávila;CAMIONES MÁS DE 3500kg;Gasolina;11
Castilla y León/Burgos;CAMIONES HASTA 3500kg;TOTAL;15258
Castilla y León/Burgos;CAMIONES HASTA 3500kg;Diesel;14913
Castilla y León/Burgos;CAMIONES HASTA 3500kg;Eléctrico;4
Castilla y León/Burgos;CAMIONES HASTA 3500kg;Gas Licuado de Petroleo;5
Castilla y León/Burgos;CAMIONES HASTA 3500kg;Gasolina;335
Castilla y León/Burgos;CAMIONES HASTA 3500kg;Otros;1
Castilla y León/Burgos;CAMIONES MÁS DE 3500kg;TOTAL;3098
Castilla y León/Burgos;CAMIONES MÁS DE 3500kg;Diesel;3073
Castilla y León/Burgos;CAMIONES MÁS DE 3500kg;Gas Licuado de Petroleo;2
Castilla y León/Burgos;CAMIONES MÁS DE 3500kg;Gasolina;23
Castilla y León/León;CAMIONES HASTA 3500kg;TOTAL;22387
Castilla y León/León;CAMIONES HASTA 3500kg;Diesel;21792
Castilla y León/León;CAMIONES HASTA 3500kg;Eléctrico;3
Castilla y León/León;CAMIONES HASTA 3500kg;Gas Licuado de Petroleo;9
Castilla y León/León;CAMIONES HASTA 3500kg;Gas Natural Licuado;2
Castilla y León/León;CAMIONES HASTA 3500kg;Gasolina;578
Castilla y León/León;CAMIONES HASTA 3500kg;Sin especificar;3
Castilla y León/León;CAMIONES MÁS DE 3500kg;TOTAL;4730
Castilla y León/León;CAMIONES MÁS DE 3500kg;Diesel;4706
Castilla y León/León;CAMIONES MÁS DE 3500kg;Gas Licuado de Petroleo;1
Castilla y León/León;CAMIONES MÁS DE 3500kg;Gas Natural Comprimido;1
Castilla y León/León;CAMIONES MÁS DE 3500kg;Gasolina;22
Castilla y León/Palencia;CAMIONES HASTA 3500kg;TOTAL;6444
Castilla y León/Palencia;CAMIONES HASTA 3500kg;Diesel;6314
Castilla y León/Palencia;CAMIONES HASTA 3500kg;Eléctrico;8
Castilla y León/Palencia;CAMIONES HASTA 3500kg;Gas Licuado de Petroleo;1
Castilla y León/Palencia;CAMIONES HASTA 3500kg;Gas Natural Comprimido;6
Castilla y León/Palencia;CAMIONES HASTA 3500kg;Gasolina;114
Castilla y León/Palencia;CAMIONES HASTA 3500kg;Otros;1
Castilla y León/Palencia;CAMIONES MÁS DE 3500kg;TOTAL;1643
Castilla y León/Palencia;CAMIONES MÁS DE 3500kg;Diesel;1635
Castilla y León/Palencia;CAMIONES MÁS DE 3500kg;Gasolina;8
Castilla y León/Salamanca;CAMIONES HASTA 3500kg;TOTAL;14813
Castilla y León/Salamanca;CAMIONES HASTA 3500kg;Diesel;14470
Castilla y León/Salamanca;CAMIONES HASTA 3500kg;Eléctrico;3
Castilla y León/Salamanca;CAMIONES HASTA 3500kg;Gas Licuado de Petroleo;4
Castilla y León/Salamanca;CAMIONES HASTA 3500kg;Gas Natural Comprimido;6
Castilla y León/Salamanca;CAMIONES HASTA 3500kg;Gasolina;330
Castilla y León/Salamanca;CAMIONES MÁS DE 3500kg;TOTAL;3397
Castilla y León/Salamanca;CAMIONES MÁS DE 3500kg;Diesel;3339
Castilla y León/Salamanca;CAMIONES MÁS DE 3500kg;Gas Licuado de Petroleo;3
Castilla y León/Salamanca;CAMIONES MÁS DE 3500kg;Gas Natural Comprimido;34
Castilla y León/Salamanca;CAMIONES MÁS DE 3500kg;Gasolina;19
Castilla y León/Salamanca;CAMIONES MÁS DE 3500kg;Otros;2
Castilla y León/Segovia;CAMIONES HASTA 3500kg;TOTAL;9500
Castilla y León/Segovia;CAMIONES HASTA 3500kg;Diesel;9174
Castilla y León/Segovia;CAMIONES HASTA 3500kg;Eléctrico;1
Castilla y León/Segovia;CAMIONES HASTA 3500kg;Gas Licuado de Petroleo;3
Castilla y León/Segovia;CAMIONES HASTA 3500kg;Gas Natural Comprimido;1
Castilla y León/Segovia;CAMIONES HASTA 3500kg;Gasolina;318
Castilla y León/Segovia;CAMIONES HASTA 3500kg;Otros;3
Castilla y León/Segovia;CAMIONES MÁS DE 3500kg;TOTAL;2043
Castilla y León/Segovia;CAMIONES MÁS DE 3500kg;Diesel;2012
Castilla y León/Segovia;CAMIONES MÁS DE 3500kg;Gasolina;29
Castilla y León/Segovia;CAMIONES MÁS DE 3500kg;Otros;2
Castilla y León/Soria;CAMIONES HASTA 3500kg;TOTAL;5436
Castilla y León/Soria;CAMIONES HASTA 3500kg;Diesel;5297
Castilla y León/Soria;CAMIONES HASTA 3500kg;Eléctrico;3
Castilla y León/Soria;CAMIONES HASTA 3500kg;Gas Licuado de Petroleo;2
Castilla y León/Soria;CAMIONES HASTA 3500kg;Gasolina;134
Castilla y León/Soria;CAMIONES MÁS DE 3500kg;TOTAL;1040
Castilla y León/Soria;CAMIONES MÁS DE 3500kg;Diesel;1035
Castilla y León/Soria;CAMIONES MÁS DE 3500kg;Gasolina;5
Castilla y León/Valladolid;CAMIONES HASTA 3500kg;TOTAL;18435
Castilla y León/Valladolid;CAMIONES HASTA 3500kg;Biodiesel;1
Castilla y León/Valladolid;CAMIONES HASTA 3500kg;Diesel;17971
Castilla y León/Valladolid;CAMIONES HASTA 3500kg;Eléctrico;3
Castilla y León/Valladolid;CAMIONES HASTA 3500kg;Gas Licuado de Petroleo;19
Castilla y León/Valladolid;CAMIONES HASTA 3500kg;Gas Natural Comprimido;9
Castilla y León/Valladolid;CAMIONES HASTA 3500kg;Gasolina;432
Castilla y León/Valladolid;CAMIONES MÁS DE 3500kg;TOTAL;3732
Castilla y León/Valladolid;CAMIONES MÁS DE 3500kg;Diesel;3701
Castilla y León/Valladolid;CAMIONES MÁS DE 3500kg;Eléctrico;1
Castilla y León/Valladolid;CAMIONES MÁS DE 3500kg;Gas Licuado de Petroleo;5
Castilla y León/Valladolid;CAMIONES MÁS DE 3500kg;Gas Natural Comprimido;9
Castilla y León/Valladolid;CAMIONES MÁS DE 3500kg;Gasolina;16
Castilla y León/Zamora;CAMIONES HASTA 3500kg;TOTAL;9232
Castilla y León/Zamora;CAMIONES HASTA 3500kg;Diesel;8997
Castilla y León/Zamora;CAMIONES HASTA 3500kg;Eléctrico;2
Castilla y León/Zamora;CAMIONES HASTA 3500kg;Gas Licuado de Petroleo;3
Castilla y León/Zamora;CAMIONES HASTA 3500kg;Gasolina;230
Castilla y León/Zamora;CAMIONES MÁS DE 3500kg;TOTAL;2159
Castilla y León/Zamora;CAMIONES MÁS DE 3500kg;Diesel;2144
Castilla y León/Zamora;CAMIONES MÁS DE 3500kg;Gas Natural Licuado;1
Castilla y León/Zamora;CAMIONES MÁS DE 3500kg;Gasolina;14
Castilla-La Mancha/Albacete;CAMIONES HASTA 3500kg;TOTAL;23940
Castilla-La Mancha/Albacete;CAMIONES HASTA 3500kg;Diesel;23522
Castilla-La Mancha/Albacete;CAMIONES HASTA 3500kg;Eléctrico;2
Castilla-La Mancha/Albacete;CAMIONES HASTA 3500kg;Gas Licuado de Petroleo;9
Castilla-La Mancha/Albacete;CAMIONES HASTA 3500kg;Gas Natural Comprimido;2
Castilla-La Mancha/Albacete;CAMIONES HASTA 3500kg;Gasolina;405
Castilla-La Mancha/Albacete;CAMIONES MÁS DE 3500kg;TOTAL;4236
Castilla-La Mancha/Albacete;CAMIONES MÁS DE 3500kg;Diesel;4204
Castilla-La Mancha/Albacete;CAMIONES MÁS DE 3500kg;Gas Licuado de Petroleo;2
Castilla-La Mancha/Albacete;CAMIONES MÁS DE 3500kg;Gas Natural Comprimido;5
Castilla-La Mancha/Albacete;CAMIONES MÁS DE 3500kg;Gas Natural Licuado;2
Castilla-La Mancha/Albacete;CAMIONES MÁS DE 3500kg;Gasolina;22
Castilla-La Mancha/Albacete;CAMIONES MÁS DE 3500kg;Hidrógeno;1
Castilla-La Mancha/Ciudad Real;CAMIONES HASTA 3500kg;TOTAL;31832
Castilla-La Mancha/Ciudad Real;CAMIONES HASTA 3500kg;Diesel;31301
Castilla-La Mancha/Ciudad Real;CAMIONES HASTA 3500kg;Eléctrico;1
Castilla-La Mancha/Ciudad Real;CAMIONES HASTA 3500kg;Gas Licuado de Petroleo;9
Castilla-La Mancha/Ciudad Real;CAMIONES HASTA 3500kg;Gas Natural Comprimido;4
Castilla-La Mancha/Ciudad Real;CAMIONES HASTA 3500kg;Gasolina;516
Castilla-La Mancha/Ciudad Real;CAMIONES HASTA 3500kg;Otros;1
Castilla-La Mancha/Ciudad Real;CAMIONES MÁS DE 3500kg;TOTAL;4523
Castilla-La Mancha/Ciudad Real;CAMIONES MÁS DE 3500kg;Diesel;4489
Castilla-La Mancha/Ciudad Real;CAMIONES MÁS DE 3500kg;Gasolina;33
Castilla-La Mancha/Ciudad Real;CAMIONES MÁS DE 3500kg;Sin especificar;1
Castilla-La Mancha/Cuenca;CAMIONES HASTA 3500kg;TOTAL;17147
Castilla-La Mancha/Cuenca;CAMIONES HASTA 3500kg;Diesel;16861
Castilla-La Mancha/Cuenca;CAMIONES HASTA 3500kg;Eléctrico;1
Castilla-La Mancha/Cuenca;CAMIONES HASTA 3500kg;Gas Licuado de Petroleo;6
Castilla-La Mancha/Cuenca;CAMIONES HASTA 3500kg;Gasolina;279
Castilla-La Mancha/Cuenca;CAMIONES MÁS DE 3500kg;TOTAL;2768
Castilla-La Mancha/Cuenca;CAMIONES MÁS DE 3500kg;Diesel;2746
Castilla-La Mancha/Cuenca;CAMIONES MÁS DE 3500kg;Gas Natural Comprimido;2
Castilla-La Mancha/Cuenca;CAMIONES MÁS DE 3500kg;Gasolina;20
Castilla-La Mancha/Guadalajara;CAMIONES HASTA 3500kg;TOTAL;10647
Castilla-La Mancha/Guadalajara;CAMIONES HASTA 3500kg;Diesel;10383
Castilla-La Mancha/Guadalajara;CAMIONES HASTA 3500kg;Gas Licuado de Petroleo;15
Castilla-La Mancha/Guadalajara;CAMIONES HASTA 3500kg;Gas Natural Comprimido;7
Castilla-La Mancha/Guadalajara;CAMIONES HASTA 3500kg;Gasolina;242
Castilla-La Mancha/Guadalajara;CAMIONES MÁS DE 3500kg;TOTAL;1992
Castilla-La Mancha/Guadalajara;CAMIONES MÁS DE 3500kg;Diesel;1974
Castilla-La Mancha/Guadalajara;CAMIONES MÁS DE 3500kg;Gasolina;18
Castilla-La Mancha/Toledo;CAMIONES HASTA 3500kg;TOTAL;45250
Castilla-La Mancha/Toledo;CAMIONES HASTA 3500kg;Diesel;44554
Castilla-La Mancha/Toledo;CAMIONES HASTA 3500kg;Eléctrico;9
Castilla-La Mancha/Toledo;CAMIONES HASTA 3500kg;Gas Licuado de Petroleo;43
Castilla-La Mancha/Toledo;CAMIONES HASTA 3500kg;Gas Natural Comprimido;13
Castilla-La Mancha/Toledo;CAMIONES HASTA 3500kg;Gasolina;631
Castilla-La Mancha/Toledo;CAMIONES MÁS DE 3500kg;TOTAL;6971
Castilla-La Mancha/Toledo;CAMIONES MÁS DE 3500kg;Diesel;6904
Castilla-La Mancha/Toledo;CAMIONES MÁS DE 3500kg;Eléctrico;1
Castilla-La Mancha/Toledo;CAMIONES MÁS DE 3500kg;Gas Licuado de Petroleo;13
Castilla-La Mancha/Toledo;CAMIONES MÁS DE 3500kg;Gas Natural Comprimido;4
Castilla-La Mancha/Toledo;CAMIONES MÁS DE 3500kg;Gasolina;48
Castilla-La Mancha/Toledo;CAMIONES MÁS DE 3500kg;Sin especificar;1
Cataluña/Barcelona;CAMIONES HASTA 3500kg;TOTAL;187367
Cataluña/Barcelona;CAMIONES HASTA 3500kg;Biometano;1
Cataluña/Barcelona;CAMIONES HASTA 3500kg;Butano;1
Cataluña/Barcelona;CAMIONES HASTA 3500kg;Diesel;178977
Cataluña/Barcelona;CAMIONES HASTA 3500kg;Eléctrico;662
Cataluña/Barcelona;CAMIONES HASTA 3500kg;Gas Licuado de Petroleo;324
Cataluña/Barcelona;CAMIONES HASTA 3500kg;Gas Natural Comprimido;220
Cataluña/Barcelona;CAMIONES HASTA 3500kg;Gasolina;7167
Cataluña/Barcelona;CAMIONES HASTA 3500kg;Otros;12
Cataluña/Barcelona;CAMIONES HASTA 3500kg;Sin especificar;3
Cataluña/Barcelona;CAMIONES MÁS DE 3500kg;TOTAL;36597
Cataluña/Barcelona;CAMIONES MÁS DE 3500kg;Diesel;35316
Cataluña/Barcelona;CAMIONES MÁS DE 3500kg;Eléctrico;61
Cataluña/Barcelona;CAMIONES MÁS DE 3500kg;Gas Licuado de Petroleo;23
Cataluña/Barcelona;CAMIONES MÁS DE 3500kg;Gas Natural Comprimido;760
Cataluña/Barcelona;CAMIONES MÁS DE 3500kg;Gas Natural Licuado;10
Cataluña/Barcelona;CAMIONES MÁS DE 3500kg;Gasolina;404
Cataluña/Barcelona;CAMIONES MÁS DE 3500kg;Otros;23
Cataluña/Girona;CAMIONES HASTA 3500kg;TOTAL;43412
Cataluña/Girona;CAMIONES HASTA 3500kg;Diesel;41631
Cataluña/Girona;CAMIONES HASTA 3500kg;Eléctrico;49
Cataluña/Girona;CAMIONES HASTA 3500kg;Gas Licuado de Petroleo;25
Cataluña/Girona;CAMIONES HASTA 3500kg;Gas Natural Comprimido;12
Cataluña/Girona;CAMIONES HASTA 3500kg;Gasolina;1694
Cataluña/Girona;CAMIONES HASTA 3500kg;Otros;1
Cataluña/Girona;CAMIONES MÁS DE 3500kg;TOTAL;6451
Cataluña/Girona;CAMIONES MÁS DE 3500kg;Butano;1
Cataluña/Girona;CAMIONES MÁS DE 3500kg;Diesel;6347
Cataluña/Girona;CAMIONES MÁS DE 3500kg;Gas Licuado de Petroleo;1
Cataluña/Girona;CAMIONES MÁS DE 3500kg;Gas Natural Comprimido;3
Cataluña/Girona;CAMIONES MÁS DE 3500kg;Gasolina;99
Cataluña/Lleida;CAMIONES HASTA 3500kg;TOTAL;30367
Cataluña/Lleida;CAMIONES HASTA 3500kg;Diesel;29444
Cataluña/Lleida;CAMIONES HASTA 3500kg;Eléctrico;10
Cataluña/Lleida;CAMIONES HASTA 3500kg;Gas Licuado de Petroleo;6
Cataluña/Lleida;CAMIONES HASTA 3500kg;Gas Natural Comprimido;5
Cataluña/Lleida;CAMIONES HASTA 3500kg;Gasolina;902
Cataluña/Lleida;CAMIONES MÁS DE 3500kg;TOTAL;4737
Cataluña/Lleida;CAMIONES MÁS DE 3500kg;Diesel;4692
Cataluña/Lleida;CAMIONES MÁS DE 3500kg;Eléctrico;1
Cataluña/Lleida;CAMIONES MÁS DE 3500kg;Gas Licuado de Petroleo;1
Cataluña/Lleida;CAMIONES MÁS DE 3500kg;Gas Natural Comprimido;7
Cataluña/Lleida;CAMIONES MÁS DE 3500kg;Gas Natural Licuado;9
Cataluña/Lleida;CAMIONES MÁS DE 3500kg;Gasolina;27
Cataluña/Tarragona;CAMIONES HASTA 3500kg;TOTAL;45358
Cataluña/Tarragona;CAMIONES HASTA 3500kg;Diesel;43425
Cataluña/Tarragona;CAMIONES HASTA 3500kg;Eléctrico;47
Cataluña/Tarragona;CAMIONES HASTA 3500kg;Gas Licuado de Petroleo;34
Cataluña/Tarragona;CAMIONES HASTA 3500kg;Gas Natural Comprimido;11
Cataluña/Tarragona;CAMIONES HASTA 3500kg;Gas Natural Licuado;1
Cataluña/Tarragona;CAMIONES HASTA 3500kg;Gasolina;1839
Cataluña/Tarragona;CAMIONES HASTA 3500kg;Otros;1
Cataluña/Tarragona;CAMIONES MÁS DE 3500kg;TOTAL;5164
Cataluña/Tarragona;CAMIONES MÁS DE 3500kg;Diesel;5070
Cataluña/Tarragona;CAMIONES MÁS DE 3500kg;Gas Licuado de Petroleo;1
Cataluña/Tarragona;CAMIONES MÁS DE 3500kg;Gas Natural Comprimido;18
Cataluña/Tarragona;CAMIONES MÁS DE 3500kg;Gas Natural Licuado;1
Cataluña/Tarragona;CAMIONES MÁS DE 3500kg;Gasolina;72
Cataluña/Tarragona;CAMIONES MÁS DE 3500kg;Otros;2
Ceuta/Ceuta;CAMIONES HASTA 3500kg;TOTAL;2078
Ceuta/Ceuta;CAMIONES HASTA 3500kg;Diesel;1641
Ceuta/Ceuta;CAMIONES HASTA 3500kg;Eléctrico;1
Ceuta/Ceuta;CAMIONES HASTA 3500kg;Gasolina;435
Ceuta/Ceuta;CAMIONES HASTA 3500kg;Sin especificar;1
Ceuta/Ceuta;CAMIONES MÁS DE 3500kg;TOTAL;285
Ceuta/Ceuta;CAMIONES MÁS DE 3500kg;Diesel;279
Ceuta/Ceuta;CAMIONES MÁS DE 3500kg;Gasolina;6
Comunitat Valenciana/Alicante/Alacant;CAMIONES HASTA 3500kg;TOTAL;85886
Comunitat Valenciana/Alicante/Alacant;CAMIONES HASTA 3500kg;Diesel;83034
Comunitat Valenciana/Alicante/Alacant;CAMIONES HASTA 3500kg;Eléctrico;45
Comunitat Valenciana/Alicante/Alacant;CAMIONES HASTA 3500kg;Gas Licuado de Petroleo;31
Comunitat Valenciana/Alicante/Alacant;CAMIONES HASTA 3500kg;Gas Natural Comprimido;29
Comunitat Valenciana/Alicante/Alacant;CAMIONES HASTA 3500kg;Gasolina;2745
Comunitat Valenciana/Alicante/Alacant;CAMIONES HASTA 3500kg;Otros;2
Comunitat Valenciana/Alicante/Alacant;CAMIONES MÁS DE 3500kg;TOTAL;10223
Comunitat Valenciana/Alicante/Alacant;CAMIONES MÁS DE 3500kg;Diesel;10147
Comunitat Valenciana/Alicante/Alacant;CAMIONES MÁS DE 3500kg;Eléctrico;1
Comunitat Valenciana/Alicante/Alacant;CAMIONES MÁS DE 3500kg;Gas Licuado de Petroleo;1
Comunitat Valenciana/Alicante/Alacant;CAMIONES MÁS DE 3500kg;Gas Natural Comprimido;1
Comunitat Valenciana/Alicante/Alacant;CAMIONES MÁS DE 3500kg;Gasolina;73
Comunitat Valenciana/Castellón/Castelló;CAMIONES HASTA 3500kg;TOTAL;33668
Comunitat Valenciana/Castellón/Castelló;CAMIONES HASTA 3500kg;Diesel;32442
Comunitat Valenciana/Castellón/Castelló;CAMIONES HASTA 3500kg;Eléctrico;21
Comunitat Valenciana/Castellón/Castelló;CAMIONES HASTA 3500kg;Gas Licuado de Petroleo;10
Comunitat Valenciana/Castellón/Castelló;CAMIONES HASTA 3500kg;Gas Natural Comprimido;26
Comunitat Valenciana/Castellón/Castelló;CAMIONES HASTA 3500kg;Gasolina;1167
Comunitat Valenciana/Castellón/Castelló;CAMIONES HASTA 3500kg;Otros;2
Comunitat Valenciana/Castellón/Castelló;CAMIONES MÁS DE 3500kg;TOTAL;4429
Comunitat Valenciana/Castellón/Castelló;CAMIONES MÁS DE 3500kg;Diesel;4361
Comunitat Valenciana/Castellón/Castelló;CAMIONES MÁS DE 3500kg;Eléctrico;1
Comunitat Valenciana/Castellón/Castelló;CAMIONES MÁS DE 3500kg;Gas Licuado de Petroleo;1
Comunitat Valenciana/Castellón/Castelló;CAMIONES MÁS DE 3500kg;Gas Natural Comprimido;37
Comunitat Valenciana/Castellón/Castelló;CAMIONES MÁS DE 3500kg;Gasolina;28
Comunitat Valenciana/Castellón/Castelló;CAMIONES MÁS DE 3500kg;Otros;1
Comunitat Valenciana/Valencia/València;CAMIONES HASTA 3500kg;TOTAL;115299
Comunitat Valenciana/Valencia/València;CAMIONES HASTA 3500kg;Diesel;111622
Comunitat Valenciana/Valencia/València;CAMIONES HASTA 3500kg;Eléctrico;90
Comunitat Valenciana/Valencia/València;CAMIONES HASTA 3500kg;Gas Licuado de Petroleo;242
Comunitat Valenciana/Valencia/València;CAMIONES HASTA 3500kg;Gas Natural Comprimido;45
Comunitat Valenciana/Valencia/València;CAMIONES HASTA 3500kg;Gasolina;3294
Comunitat Valenciana/Valencia/València;CAMIONES HASTA 3500kg;Otros;4
Comunitat Valenciana/Valencia/València;CAMIONES HASTA 3500kg;Sin especificar;2
Comunitat Valenciana/Valencia/València;CAMIONES MÁS DE 3500kg;TOTAL;17429
Comunitat Valenciana/Valencia/València;CAMIONES MÁS DE 3500kg;Butano;9
Comunitat Valenciana/Valencia/València;CAMIONES MÁS DE 3500kg;Diesel;17129
Comunitat Valenciana/Valencia/València;CAMIONES MÁS DE 3500kg;Eléctrico;7
Comunitat Valenciana/Valencia/València;CAMIONES MÁS DE 3500kg;Gas Licuado de Petroleo;14
Comunitat Valenciana/Valencia/València;CAMIONES MÁS DE 3500kg;Gas Natural Comprimido;103
Comunitat Valenciana/Valencia/València;CAMIONES MÁS DE 3500kg;Gas Natural Licuado;10
Comunitat Valenciana/Valencia/València;CAMIONES MÁS DE 3500kg;Gasolina;155
Comunitat Valenciana/Valencia/València;CAMIONES MÁS DE 3500kg;Otros;1
Comunitat Valenciana/Valencia/València;CAMIONES MÁS DE 3500kg;Sin especificar;1
Extremadura/Badajoz;CAMIONES HASTA 3500kg;TOTAL;29038
Extremadura/Badajoz;CAMIONES HASTA 3500kg;Diesel;28554
Extremadura/Badajoz;CAMIONES HASTA 3500kg;Eléctrico;38
Extremadura/Badajoz;CAMIONES HASTA 3500kg;Gas Licuado de Petroleo;6
Extremadura/Badajoz;CAMIONES HASTA 3500kg;Gasolina;439
Extremadura/Badajoz;CAMIONES HASTA 3500kg;Otros;1
Extremadura/Badajoz;CAMIONES MÁS DE 3500kg;TOTAL;6359
Extremadura/Badajoz;CAMIONES MÁS DE 3500kg;Diesel;6287
Extremadura/Badajoz;CAMIONES MÁS DE 3500kg;Eléctrico;2
Extremadura/Badajoz;CAMIONES MÁS DE 3500kg;Gas Licuado de Petroleo;2
Extremadura/Badajoz;CAMIONES MÁS DE 3500kg;Gasolina;68
Extremadura/Cáceres;CAMIONES HASTA 3500kg;TOTAL;28854
Extremadura/Cáceres;CAMIONES HASTA 3500kg;Diesel;28137
Extremadura/Cáceres;CAMIONES HASTA 3500kg;Eléctrico;7
Extremadura/Cáceres;CAMIONES HASTA 3500kg;Gas Licuado de Petroleo;4
Extremadura/Cáceres;CAMIONES HASTA 3500kg;Gas Natural Comprimido;1
Extremadura/Cáceres;CAMIONES HASTA 3500kg;Gasolina;705
Extremadura/Cáceres;CAMIONES MÁS DE 3500kg;TOTAL;3508
Extremadura/Cáceres;CAMIONES MÁS DE 3500kg;Diesel;3480
Extremadura/Cáceres;CAMIONES MÁS DE 3500kg;Gasolina;27
Extremadura/Cáceres;CAMIONES MÁS DE 3500kg;Solar;1
Galicia/Coruña (A);CAMIONES HASTA 3500kg;TOTAL;38045
Galicia/Coruña (A);CAMIONES HASTA 3500kg;Diesel;37368
Galicia/Coruña (A);CAMIONES HASTA 3500kg;Eléctrico;19
Galicia/Coruña (A);CAMIONES HASTA 3500kg;Gas Licuado de Petroleo;10
Galicia/Coruña (A);CAMIONES HASTA 3500kg;Gas Natural Comprimido;15
Galicia/Coruña (A);CAMIONES HASTA 3500kg;Gasolina;631
Galicia/Coruña (A);CAMIONES HASTA 3500kg;Otros;2
Galicia/Coruña (A);CAMIONES MÁS DE 3500kg;TOTAL;8900
Galicia/Coruña (A);CAMIONES MÁS DE 3500kg;Diesel;8814
Galicia/Coruña (A);CAMIONES MÁS DE 3500kg;Gas Licuado de Petroleo;16
Galicia/Coruña (A);CAMIONES MÁS DE 3500kg;Gas Natural Comprimido;6
Galicia/Coruña (A);CAMIONES MÁS DE 3500kg;Gasolina;64
Galicia/Lugo;CAMIONES HASTA 3500kg;TOTAL;15081
Galicia/Lugo;CAMIONES HASTA 3500kg;Diesel;14789
Galicia/Lugo;CAMIONES HASTA 3500kg;Eléctrico;9
Galicia/Lugo;CAMIONES HASTA 3500kg;Gas Licuado de Petroleo;23
Galicia/Lugo;CAMIONES HASTA 3500kg;Gas Natural Comprimido;9
Galicia/Lugo;CAMIONES HASTA 3500kg;Gasolina;251
Galicia/Lugo;CAMIONES MÁS DE 3500kg;TOTAL;4296
Galicia/Lugo;CAMIONES MÁS DE 3500kg;Diesel;4262
Galicia/Lugo;CAMIONES MÁS DE 3500kg;Gas Licuado de Petroleo;2
Galicia/Lugo;CAMIONES MÁS DE 3500kg;Gasolina;31
Galicia/Lugo;CAMIONES MÁS DE 3500kg;Otros;1
Galicia/Ourense;CAMIONES HASTA 3500kg;TOTAL;16170
Galicia/Ourense;CAMIONES HASTA 3500kg;Diesel;15895
Galicia/Ourense;CAMIONES HASTA 3500kg;Eléctrico;4
Galicia/Ourense;CAMIONES HASTA 3500kg;Gas Licuado de Petroleo;6
Galicia/Ourense;CAMIONES HASTA 3500kg;Gasolina;265
Galicia/Ourense;CAMIONES MÁS DE 3500kg;TOTAL;3485
Galicia/Ourense;CAMIONES MÁS DE 3500kg;Diesel;3460
Galicia/Ourense;CAMIONES MÁS DE 3500kg;Gas Licuado de Petroleo;3
Galicia/Ourense;CAMIONES MÁS DE 3500kg;Gasolina;21
Galicia/Ourense;CAMIONES MÁS DE 3500kg;Otros;1
Galicia/Pontevedra;CAMIONES HASTA 3500kg;TOTAL;39090
Galicia/Pontevedra;CAMIONES HASTA 3500kg;Diesel;38444
Galicia/Pontevedra;CAMIONES HASTA 3500kg;Eléctrico;10
Galicia/Pontevedra;CAMIONES HASTA 3500kg;Gas Licuado de Petroleo;21
Galicia/Pontevedra;CAMIONES HASTA 3500kg;Gas Natural Comprimido;2
Galicia/Pontevedra;CAMIONES HASTA 3500kg;Gasolina;613
Galicia/Pontevedra;CAMIONES MÁS DE 3500kg;TOTAL;6869
Galicia/Pontevedra;CAMIONES MÁS DE 3500kg;Diesel;6773
Galicia/Pontevedra;CAMIONES MÁS DE 3500kg;Eléctrico;3
Galicia/Pontevedra;CAMIONES MÁS DE 3500kg;Gas Licuado de Petroleo;6
Galicia/Pontevedra;CAMIONES MÁS DE 3500kg;Gas Natural Comprimido;24
Galicia/Pontevedra;CAMIONES MÁS DE 3500kg;Gasolina;62
Galicia/Pontevedra;CAMIONES MÁS DE 3500kg;Otros;1
Madrid (Comunidad de)/Madrid;CAMIONES HASTA 3500kg;TOTAL;217594
Madrid (Comunidad de)/Madrid;CAMIONES HASTA 3500kg;Butano;4
Madrid (Comunidad de)/Madrid;CAMIONES HASTA 3500kg;Diesel;210272
Madrid (Comunidad de)/Madrid;CAMIONES HASTA 3500kg;Eléctrico;753
Madrid (Comunidad de)/Madrid;CAMIONES HASTA 3500kg;Gas Licuado de Petroleo;1170
Madrid (Comunidad de)/Madrid;CAMIONES HASTA 3500kg;Gas Natural Comprimido;569
Madrid (Comunidad de)/Madrid;CAMIONES HASTA 3500kg;Gas Natural Licuado;1
Madrid (Comunidad de)/Madrid;CAMIONES HASTA 3500kg;Gasolina;4818
Madrid (Comunidad de)/Madrid;CAMIONES HASTA 3500kg;Otros;4
Madrid (Comunidad de)/Madrid;CAMIONES HASTA 3500kg;Sin especificar;3
Madrid (Comunidad de)/Madrid;CAMIONES MÁS DE 3500kg;TOTAL;40481
Madrid (Comunidad de)/Madrid;CAMIONES MÁS DE 3500kg;Butano;1
Madrid (Comunidad de)/Madrid;CAMIONES MÁS DE 3500kg;Diesel;39047
Madrid (Comunidad de)/Madrid;CAMIONES MÁS DE 3500kg;Eléctrico;25
Madrid (Comunidad de)/Madrid;CAMIONES MÁS DE 3500kg;Gas Licuado de Petroleo;47
Madrid (Comunidad de)/Madrid;CAMIONES MÁS DE 3500kg;Gas Natural Comprimido;905
Madrid (Comunidad de)/Madrid;CAMIONES MÁS DE 3500kg;Gas Natural Licuado;47
Madrid (Comunidad de)/Madrid;CAMIONES MÁS DE 3500kg;Gasolina;408
Madrid (Comunidad de)/Madrid;CAMIONES MÁS DE 3500kg;Otros;1
Melilla/Melilla;CAMIONES HASTA 3500kg;TOTAL;3560
Melilla/Melilla;CAMIONES HASTA 3500kg;Diesel;3418
Melilla/Melilla;CAMIONES HASTA 3500kg;Eléctrico;11
Melilla/Melilla;CAMIONES HASTA 3500kg;Gas Licuado de Petroleo;1
Melilla/Melilla;CAMIONES HASTA 3500kg;Gasolina;130
Melilla/Melilla;CAMIONES MÁS DE 3500kg;TOTAL;361
Melilla/Melilla;CAMIONES MÁS DE 3500kg;Diesel;349
Melilla/Melilla;CAMIONES MÁS DE 3500kg;Gasolina;12
Murcia (Región de)/Murcia;CAMIONES HASTA 3500kg;TOTAL;72085
Murcia (Región de)/Murcia;CAMIONES HASTA 3500kg;Butano;1
Murcia (Región de)/Murcia;CAMIONES HASTA 3500kg;Diesel;70916
Murcia (Región de)/Murcia;CAMIONES HASTA 3500kg;Eléctrico;53
Murcia (Región de)/Murcia;CAMIONES HASTA 3500kg;Gas Licuado de Petroleo;37
Murcia (Región de)/Murcia;CAMIONES HASTA 3500kg;Gas Natural Comprimido;28
Murcia (Región de)/Murcia;CAMIONES HASTA 3500kg;Gasolina;1049
Murcia (Región de)/Murcia;CAMIONES HASTA 3500kg;Otros;1
Murcia (Región de)/Murcia;CAMIONES MÁS DE 3500kg;TOTAL;13724
Murcia (Región de)/Murcia;CAMIONES MÁS DE 3500kg;Diesel;13579
Murcia (Región de)/Murcia;CAMIONES MÁS DE 3500kg;Eléctrico;2
Murcia (Región de)/Murcia;CAMIONES MÁS DE 3500kg;Gas Licuado de Petroleo;11
Murcia (Región de)/Murcia;CAMIONES MÁS DE 3500kg;Gas Natural Comprimido;21
Murcia (Región de)/Murcia;CAMIONES MÁS DE 3500kg;Gasolina;110
Murcia (Región de)/Murcia;CAMIONES MÁS DE 3500kg;Otros;1
Navarra (Comunidad Foral de)/Navarra;CAMIONES HASTA 3500kg;TOTAL;31675
Navarra (Comunidad Foral de)/Navarra;CAMIONES HASTA 3500kg;Diesel;30768
Navarra (Comunidad Foral de)/Navarra;CAMIONES HASTA 3500kg;Eléctrico;27
Navarra (Comunidad Foral de)/Navarra;CAMIONES HASTA 3500kg;Gas Licuado de Petroleo;9
Navarra (Comunidad Foral de)/Navarra;CAMIONES HASTA 3500kg;Gas Natural Comprimido;6
Navarra (Comunidad Foral de)/Navarra;CAMIONES HASTA 3500kg;Gasolina;865
Navarra (Comunidad Foral de)/Navarra;CAMIONES MÁS DE 3500kg;TOTAL;4737
Navarra (Comunidad Foral de)/Navarra;CAMIONES MÁS DE 3500kg;Diesel;4704
Navarra (Comunidad Foral de)/Navarra;CAMIONES MÁS DE 3500kg;Gas Licuado de Petroleo;2
Navarra (Comunidad Foral de)/Navarra;CAMIONES MÁS DE 3500kg;Gas Natural Comprimido;6
Navarra (Comunidad Foral de)/Navarra;CAMIONES MÁS DE 3500kg;Gasolina;25
País Vasco/Araba/Álava;CAMIONES HASTA 3500kg;TOTAL;11822
País Vasco/Araba/Álava;CAMIONES HASTA 3500kg;Diesel;11463
País Vasco/Araba/Álava;CAMIONES HASTA 3500kg;Eléctrico;18
País Vasco/Araba/Álava;CAMIONES HASTA 3500kg;Gas Licuado de Petroleo;8
País Vasco/Araba/Álava;CAMIONES HASTA 3500kg;Gas Natural Comprimido;41
País Vasco/Araba/Álava;CAMIONES HASTA 3500kg;Gasolina;260
País Vasco/Araba/Álava;CAMIONES HASTA 3500kg;Otros;30
País Vasco/Araba/Álava;CAMIONES HASTA 3500kg;Sin especificar;2
País Vasco/Araba/Álava;CAMIONES MÁS DE 3500kg;TOTAL;1909
País Vasco/Araba/Álava;CAMIONES MÁS DE 3500kg;Diesel;1827
País Vasco/Araba/Álava;CAMIONES MÁS DE 3500kg;Eléctrico;1
País Vasco/Araba/Álava;CAMIONES MÁS DE 3500kg;Gas Natural Comprimido;64
País Vasco/Araba/Álava;CAMIONES MÁS DE 3500kg;Gasolina;17
País Vasco/Gipuzkoa;CAMIONES HASTA 3500kg;TOTAL;25873
País Vasco/Gipuzkoa;CAMIONES HASTA 3500kg;Diesel;25054
País Vasco/Gipuzkoa;CAMIONES HASTA 3500kg;Eléctrico;32
País Vasco/Gipuzkoa;CAMIONES HASTA 3500kg;Gas Licuado de Petroleo;17
País Vasco/Gipuzkoa;CAMIONES HASTA 3500kg;Gas Natural Comprimido;7
País Vasco/Gipuzkoa;CAMIONES HASTA 3500kg;Gas Natural Licuado;2
País Vasco/Gipuzkoa;CAMIONES HASTA 3500kg;Gasolina;761
País Vasco/Gipuzkoa;CAMIONES MÁS DE 3500kg;TOTAL;4337
País Vasco/Gipuzkoa;CAMIONES MÁS DE 3500kg;Diesel;4303
País Vasco/Gipuzkoa;CAMIONES MÁS DE 3500kg;Gas Licuado de Petroleo;2
País Vasco/Gipuzkoa;CAMIONES MÁS DE 3500kg;Gas Natural Comprimido;1
País Vasco/Gipuzkoa;CAMIONES MÁS DE 3500kg;Gas Natural Licuado;1
País Vasco/Gipuzkoa;CAMIONES MÁS DE 3500kg;Gasolina;30
País Vasco/Bizkaia;CAMIONES HASTA 3500kg;TOTAL;38102
País Vasco/Bizkaia;CAMIONES HASTA 3500kg;Butano;1
País Vasco/Bizkaia;CAMIONES HASTA 3500kg;Diesel;36945
País Vasco/Bizkaia;CAMIONES HASTA 3500kg;Eléctrico;83
País Vasco/Bizkaia;CAMIONES HASTA 3500kg;Gas Licuado de Petroleo;54
País Vasco/Bizkaia;CAMIONES HASTA 3500kg;Gas Natural Comprimido;20
País Vasco/Bizkaia;CAMIONES HASTA 3500kg;Gasolina;998
País Vasco/Bizkaia;CAMIONES HASTA 3500kg;Sin especificar;1
País Vasco/Bizkaia;CAMIONES MÁS DE 3500kg;TOTAL;6242
País Vasco/Bizkaia;CAMIONES MÁS DE 3500kg;Diesel;6145
País Vasco/Bizkaia;CAMIONES MÁS DE 3500kg;Eléctrico;4
País Vasco/Bizkaia;CAMIONES MÁS DE 3500kg;Gas Licuado de Petroleo;5
País Vasco/Bizkaia;CAMIONES MÁS DE 3500kg;Gas Natural Comprimido;36
País Vasco/Bizkaia;CAMIONES MÁS DE 3500kg;Gas Natural Licuado;2
País Vasco/Bizkaia;CAMIONES MÁS DE 3500kg;Gasolina;50
Rioja (La)/Rioja (La);CAMIONES HASTA 3500kg;TOTAL;17392
Rioja (La)/Rioja (La);CAMIONES HASTA 3500kg;Diesel;16938
Rioja (La)/Rioja (La);CAMIONES HASTA 3500kg;Eléctrico;7
Rioja (La)/Rioja (La);CAMIONES HASTA 3500kg;Gas Licuado de Petroleo;7
Rioja (La)/Rioja (La);CAMIONES HASTA 3500kg;Gasolina;440
Rioja (La)/Rioja (La);CAMIONES MÁS DE 3500kg;TOTAL;2629
Rioja (La)/Rioja (La);CAMIONES MÁS DE 3500kg;Diesel;2576
Rioja (La)/Rioja (La);CAMIONES MÁS DE 3500kg;Gas Licuado de Petroleo;5
Rioja (La)/Rioja (La);CAMIONES MÁS DE 3500kg;Gas Natural Comprimido;30
Rioja (La)/Rioja (La);CAMIONES MÁS DE 3500kg;Gasolina;17
Rioja (La)/Rioja (La);CAMIONES MÁS DE 3500kg;Otros;1
